{
  "id": "3619656",
  "name": "clearFn",
  "font_family": "iconfont",
  "css_prefix_text": "icon-clearfn",
  "description": "clearFn",
  "glyphs": [
    {
      "icon_id": "23570275",
      "name": "便便",
      "font_class": "bianbian",
      "unicode": "e61a",
      "unicode_decimal": 58906
    },
    {
      "icon_id": "29391760",
      "name": "clear",
      "font_class": "clear",
      "unicode": "e955",
      "unicode_decimal": 59733
    },
    {
      "icon_id": "4354835",
      "name": "闭眼睛",
      "font_class": "biyanjing",
      "unicode": "e901",
      "unicode_decimal": 59649
    },
    {
      "icon_id": "8288891",
      "name": "眼睛",
      "font_class": "yanjing",
      "unicode": "e857",
      "unicode_decimal": 59479
    },
    {
      "icon_id": "777843",
      "name": "赞",
      "font_class": "icon",
      "unicode": "e651",
      "unicode_decimal": 58961
    },
    {
      "icon_id": "9568053",
      "name": "评论",
      "font_class": "pinglun",
      "unicode": "e647",
      "unicode_decimal": 58951
    },
    {
      "icon_id": "17605473",
      "name": "分享",
      "font_class": "fenxiang",
      "unicode": "e816",
      "unicode_decimal": 59414
    }
  ]
}
